{
    "NonViolence": {
        "precision": 0.5117647058823529,
        "recall": 0.9109947643979057,
        "f1-score": 0.655367231638418,
        "support": 191.0
    },
    "Violence": {
        "precision": 0.6666666666666666,
        "recall": 0.17,
        "f1-score": 0.2709163346613546,
        "support": 200.0
    },
    "accuracy": 0.5319693094629157,
    "macro avg": {
        "precision": 0.5892156862745097,
        "recall": 0.5404973821989528,
        "f1-score": 0.4631417831498863,
        "support": 391.0
    },
    "weighted avg": {
        "precision": 0.5909984454139712,
        "recall": 0.5319693094629157,
        "f1-score": 0.4587171564583344,
        "support": 391.0
    }
}