{
    "NonViolence": {
        "precision": 0.9587628865979382,
        "recall": 0.9738219895287958,
        "f1-score": 0.9662337662337662,
        "support": 191.0
    },
    "Violence": {
        "precision": 0.9746192893401016,
        "recall": 0.96,
        "f1-score": 0.9672544080604534,
        "support": 200.0
    },
    "accuracy": 0.9667519181585678,
    "macro avg": {
        "precision": 0.9666910879690198,
        "recall": 0.9669109947643979,
        "f1-score": 0.9667440871471098,
        "support": 391.0
    },
    "weighted avg": {
        "precision": 0.9668735785376636,
        "recall": 0.9667519181585678,
        "f1-score": 0.9667558336642968,
        "support": 391.0
    }
}