{
    "NonViolence": {
        "precision": 0.972972972972973,
        "recall": 0.9424083769633508,
        "f1-score": 0.9574468085106383,
        "support": 191.0
    },
    "Violence": {
        "precision": 0.9466019417475728,
        "recall": 0.975,
        "f1-score": 0.9605911330049262,
        "support": 200.0
    },
    "accuracy": 0.959079283887468,
    "macro avg": {
        "precision": 0.9597874573602729,
        "recall": 0.9587041884816754,
        "f1-score": 0.9590189707577823,
        "support": 391.0
    },
    "weighted avg": {
        "precision": 0.9594839544433565,
        "recall": 0.959079283887468,
        "f1-score": 0.9590551586355938,
        "support": 391.0
    }
}